<?xml version="1.0" encoding="UTF-8"?>
<project-private xmlns="http://www.netbeans.org/ns/project-private/1">
    <editor-bookmarks xmlns="http://www.netbeans.org/ns/editor-bookmarks/2" lastBookmarkId="1">
        <file>
            <url>src/poepart2/Register.java</url>
            <bookmark id="1">
                <name/>
                <line>50</line>
                <key/>
            </bookmark>
        </file>
    </editor-bookmarks>
    <open-files xmlns="http://www.netbeans.org/ns/projectui-open-files/2">
        <group>
            <file>file:/C:/Users/Windows%2010/OneDrive/Documentos/NetBeansProjects/POEpart2/test/poepart2/RegisterIT.java</file>
            <file>file:/C:/Users/Windows%2010/OneDrive/Documentos/NetBeansProjects/POEpart2/test/poepart2/loginIT.java</file>
            <file>file:/C:/Users/Windows%2010/OneDrive/Documentos/NetBeansProjects/POEpart2/src/poepart2/Kanbanapp.java</file>
            <file>file:/C:/Users/Windows%2010/OneDrive/Documentos/NetBeansProjects/POEpart2/src/poepart2/login.java</file>
            <file>file:/C:/Users/Windows%2010/OneDrive/Documentos/NetBeansProjects/POEpart2/src/poepart2/Register.java</file>
            <file>file:/C:/Users/Windows%2010/OneDrive/Documentos/NetBeansProjects/POEpart2/test/poepart2/TaskIT.java</file>
            <file>file:/C:/Users/Windows%2010/OneDrive/Documentos/NetBeansProjects/POEpart2/src/poepart2/POEpart2.java</file>
            <file>file:/C:/Users/Windows%2010/OneDrive/Documentos/NetBeansProjects/POEpart2/test/poepart2/KanbanappIT.java</file>
            <file>file:/C:/Users/Windows%2010/OneDrive/Documentos/NetBeansProjects/POEpart2/src/poepart2/Task.java</file>
            <file>file:/C:/Users/Windows%2010/OneDrive/Documentos/NetBeansProjects/POEpart2/test/poepart2/POEpart2IT.java</file>
        </group>
    </open-files>
</project-private>
